source,target,weight
Ad Hoc Committee on PRP,Australia,1
Ad Hoc Committee on PRP,Canada,1
Ad Hoc Committee on PRP,Italy,1
Ad Hoc Committee on PRP,Thailand,1
Ad Hoc Committee on PRP,United States,1
Algeria,Belgium,1
Algeria,France,2
Algeria,Germany,1
Algeria,Malaysia,5
Algeria,Switzerland,1
Algeria,Thailand,8
Algeria,United Kingdom,1
Algeria,United States,1
Argentina,Australia,9
Argentina,Austria,5
Argentina,Bangladesh,2
Argentina,Belgium,1
Argentina,Bolivia,6
Argentina,Brazil,9
Argentina,Canada,5
Argentina,Chile,2
Argentina,Colombia,2
Argentina,Costa Rica,1
Argentina,France,2
Argentina,Germany,4
Argentina,Honduras,2
Argentina,Hong Kong,2
Argentina,India,6
Argentina,Iran,1
Argentina,Israel,1
Argentina,Italy,1
Argentina,Japan,2
Argentina,Malaysia,1
Argentina,Mexico,6
Argentina,Nigeria,1
Argentina,Pakistan,2
Argentina,Peru,1
Argentina,Poland,1
Argentina,Saudi Arabia,2
Argentina,Singapore,2
Argentina,South Africa,6
Argentina,Spain,1
Argentina,Switzerland,5
Argentina,Thailand,17
Argentina,United Kingdom,8
Argentina,United States,19
Argentina,Uruguay,3
Argentina,Viet Nam,1
Armenia,Australia,1
Armenia,Austria,515
Armenia,Belgium,2
Armenia,Brazil,2
Armenia,Cambodia,1
Armenia,China,2
Armenia,Colombia,1
Armenia,Croatia,1
Armenia,Egypt,1
Armenia,Ethiopia,1
Armenia,France,1
Armenia,Germany,1
Armenia,India,6
Armenia,Ireland,1
Armenia,Israel,1
Armenia,Malaysia,1
Armenia,Namibia,1
Armenia,Norway,1
Armenia,Pakistan,4
Armenia,Poland,1
Armenia,Russian Federation,1
Armenia,Saudi Arabia,4
Armenia,South Africa,1
Armenia,Sweden,1
Armenia,Thailand,8
Armenia,Turkey,3
Armenia,United Kingdom,1
Armenia,United States,2
Armenia,Viet Nam,2
Armenia,Zambia,1
Australia,Austria,8
Australia,Bangladesh,10
Australia,Belgium,24
Australia,Bolivia,8
Australia,Brazil,108
Australia,Brunei Darussalam,6
Australia,Bulgaria,191
Australia,Cambodia,16
Australia,Cameroon,2
Australia,Canada,98
Australia,Cape Verde,1
Australia,Chile,6
Australia,China,76
Australia,Colombia,8
Australia,Costa Rica,2
Australia,Croatia,2
Australia,Cuba,1
Australia,Czech Republic,2
Australia,Denmark,7
Australia,Egypt,2
Australia,Estonia,2
Australia,Finland,2
Australia,France,39
Australia,Gambia,1
Australia,Germany,37
Australia,Ghana,2
Australia,Greece,9
Australia,Haiti,1
Australia,Hong Kong,28
Australia,Hungary,2
Australia,India,61
Australia,Indonesia,28
Australia,Iran,13
Australia,Iraq,55
Australia,Ireland,9
Australia,Israel,6
Australia,Italy,34
Australia,Japan,78
Australia,Jordan,2
Australia,Kazakhstan,1
Australia,Kenya,2
Australia,Kuwait,1
Australia,Laos,1
Australia,Latvia,1
Australia,Lebanon,1
Australia,Malaysia,51
Australia,Malta,1
Australia,Mauritius,1
Australia,Mexico,9
Australia,Mongolia,1
Australia,Morocco,2
Australia,Myanmar,2
Australia,Netherlands,39
Australia,New Zealand,15
Australia,Nigeria,2
Australia,Norway,19
Australia,Pakistan,5
Australia,Papua New Guinea,1
Australia,Peru,3
Australia,Philippines,26
Australia,Poland,31
Australia,Portugal,5
Australia,Qatar,1
Australia,Romania,4
Australia,Russian Federation,5
Australia,Saudi Arabia,9
Australia,Senegal,5
Australia,Serbia,1
Australia,Singapore,46
Australia,Slovenia,4
Australia,South Africa,10
Australia,South Korea,49
Australia,Spain,28
Australia,Sri Lanka,1
Australia,Sudan,2
Australia,Sweden,16
Australia,Switzerland,16
Australia,Taiwan,44
Australia,Thailand,807
Australia,Turkey,1
Australia,Uganda,4
Australia,United Arab Emirates,2
Australia,United Kingdom,158
Australia,United States,197
Australia,Uruguay,2
Australia,Viet Nam,36
Australia,Zambia,2
Australia,Zimbabwe,1
Austria,Bangladesh,3
Austria,Belgium,10
Austria,Benin,1
Austria,Bolivia,5
Austria,Brazil,12
Austria,Canada,11
Austria,Chile,3
Austria,China,8
Austria,Colombia,1
Austria,Croatia,2
Austria,Cuba,1
Austria,Czech Republic,1
Austria,Denmark,7
Austria,Egypt,3
Austria,Estonia,1
Austria,Finland,2
Austria,France,3
Austria,Georgia,1
Austria,Germany,31
Austria,Greece,4
Austria,Hong Kong,4
Austria,Iceland,2
Austria,India,12
Austria,Indonesia,3
Austria,Iran,4
Austria,Ireland,4
Austria,Israel,3
Austria,Italy,16
Austria,Japan,14
Austria,Lebanon,1
Austria,Luxembourg,1
Austria,Malawi,1
Austria,Malaysia,7
Austria,Mexico,2
Austria,Moldova,1
Austria,Netherlands,9
Austria,New Zealand,1
Austria,Nigeria,5
Austria,North Macedonia,3
Austria,Norway,3
Austria,Pakistan,2
Austria,Poland,2
Austria,Portugal,2
Austria,Russian Federation,2
Austria,Saudi Arabia,7
Austria,Senegal,1
Austria,Serbia,3
Austria,Singapore,3
Austria,Slovenia,6
Austria,South Africa,1
Austria,South Korea,4
Austria,Spain,9
Austria,Sweden,10
Austria,Switzerland,3
Austria,Syrian Arab Republic,1
Austria,Taiwan,4
Austria,Thailand,124
Austria,Tunisia,1
Austria,Turkey,5
Austria,Ukraine,1
Austria,United Kingdom,19
Austria,United States,31
Austria,Uruguay,3
Austria,Viet Nam,4
Azerbaijan,Canada,1
Azerbaijan,Denmark,1
Azerbaijan,France,1
Azerbaijan,Italy,1
Azerbaijan,Morocco,1
Azerbaijan,United Kingdom,1
Azerbaijan,United States,1
Bahrain,China,1
Bahrain,India,2
Bahrain,Iraq,1
Bahrain,Malaysia,1
Bahrain,Oman,1
Bahrain,Pakistan,5
Bahrain,Saudi Arabia,1
Bahrain,South Korea,1
Bahrain,Thailand,8
Bahrain,United Kingdom,2
Bahrain,United States,2
Bahrain,Viet Nam,1
Bangladesh,Belgium,3
Bangladesh,Brazil,3
Bangladesh,Brunei Darussalam,1
Bangladesh,Canada,3
Bangladesh,China,10
Bangladesh,Cuba,1
Bangladesh,Dominican Republic,3
Bangladesh,Estonia,1
Bangladesh,France,2
Bangladesh,Germany,3
Bangladesh,Ghana,1
Bangladesh,Honduras,2
Bangladesh,Hong Kong,2
Bangladesh,Hungary,1
Bangladesh,India,24
Bangladesh,Indonesia,3
Bangladesh,Iran,5
Bangladesh,Iraq,1
Bangladesh,Italy,1
Bangladesh,Japan,6
Bangladesh,Lebanon,4
Bangladesh,Malaysia,8
Bangladesh,Mexico,1
Bangladesh,Nepal,1
Bangladesh,Nigeria,1
Bangladesh,Pakistan,3
Bangladesh,Philippines,3
Bangladesh,Portugal,3
Bangladesh,Qatar,1
Bangladesh,Russian Federation,1
Bangladesh,Saudi Arabia,7
Bangladesh,Senegal,1
Bangladesh,Singapore,3
Bangladesh,South Africa,4
Bangladesh,South Korea,5
Bangladesh,Spain,2
Bangladesh,Switzerland,3
Bangladesh,Syrian Arab Republic,1
Bangladesh,Taiwan,2
Bangladesh,Thailand,53
Bangladesh,Tunisia,1
Bangladesh,Turkey,1
Bangladesh,Uganda,3
Bangladesh,United Kingdom,10
Bangladesh,United States,12
Belarus,India,2
Belarus,Thailand,2
Belgium,Bolivia,1
Belgium,Brazil,18
Belgium,Bulgaria,8
Belgium,Cambodia,1
Belgium,Cameroon,1
Belgium,Canada,21
Belgium,Chile,2
Belgium,China,11
Belgium,Costa Rica,2
Belgium,Croatia,1
Belgium,Cuba,1
Belgium,Czech Republic,2
Belgium,Democratic Republic Congo,1
Belgium,Denmark,15
Belgium,Dominican Republic,3
Belgium,Egypt,1
Belgium,Finland,1
Belgium,France,30
Belgium,Gambia,1
Belgium,Germany,15
Belgium,Greece,6
Belgium,Hong Kong,4
Belgium,Hungary,1
Belgium,India,6
Belgium,Indonesia,1
Belgium,Iraq,1
Belgium,Ireland,5
Belgium,Israel,3
Belgium,Italy,18
Belgium,Japan,6
Belgium,Jordan,1
Belgium,Kenya,2
Belgium,Latvia,1
Belgium,Lebanon,3
Belgium,Malaysia,4
Belgium,Mexico,2
Belgium,Moldova,1
Belgium,Mozambique,1
Belgium,Netherlands,9
Belgium,New Zealand,2
Belgium,Nigeria,1
Belgium,Norway,1
Belgium,Pakistan,1
Belgium,Peru,1
Belgium,Philippines,3
Belgium,Poland,13
Belgium,Portugal,1
Belgium,Qatar,1
Belgium,Romania,4
Belgium,Russian Federation,6
Belgium,Senegal,2
Belgium,Singapore,4
Belgium,Slovenia,1
Belgium,South Africa,5
Belgium,South Korea,5
Belgium,Spain,22
Belgium,Sweden,22
Belgium,Switzerland,11
Belgium,Taiwan,3
Belgium,Thailand,141
Belgium,Turkey,3
Belgium,Uganda,1
Belgium,United Arab Emirates,2
Belgium,United Kingdom,41
Belgium,United States,40
Belgium,Uruguay,3
Belgium,Viet Nam,3
Benin,Italy,1
Benin,Malawi,1
Benin,Netherlands,1
Benin,Nigeria,1
Benin,Sweden,1
Benin,Thailand,1
Benin,Tunisia,1
Benin,United Kingdom,1
Bhutan,Germany,1
Bhutan,Switzerland,1
Bhutan,Thailand,12
Bhutan,United States,5
Bolivia,Brazil,6
Bolivia,Cambodia,1
Bolivia,Canada,3
Bolivia,Denmark,1
Bolivia,Germany,2
Bolivia,Hong Kong,2
Bolivia,India,1
Bolivia,Japan,1
Bolivia,Kenya,1
Bolivia,Mauritius,1
Bolivia,New Zealand,1
Bolivia,Nigeria,1
Bolivia,Norway,1
Bolivia,Philippines,1
Bolivia,South Africa,1
Bolivia,Switzerland,1
Bolivia,Thailand,5
Bolivia,United Arab Emirates,1
Bolivia,United Kingdom,1
Bolivia,United States,9
Bosnia and Herzegovina,Georgia,1
Bosnia and Herzegovina,Greece,1
Bosnia and Herzegovina,Hungary,1
Bosnia and Herzegovina,India,1
Bosnia and Herzegovina,Russian Federation,1
Bosnia and Herzegovina,Saudi Arabia,1
Bosnia and Herzegovina,Serbia,1
Bosnia and Herzegovina,Thailand,2
Bosnia and Herzegovina,Ukraine,1
Botswana,Brazil,1
Botswana,Chile,3
Botswana,Ethiopia,1
Botswana,Haiti,3
Botswana,Malaysia,1
Botswana,Pakistan,3
Botswana,South Africa,1
Botswana,Thailand,1
Botswana,United States,3
Botswana,Viet Nam,3
Brazil,Bulgaria,60
Brazil,Canada,34
Brazil,Chile,12
Brazil,China,9
Brazil,Colombia,7
Brazil,Costa Rica,1
Brazil,Croatia,1
Brazil,Czech Republic,1
Brazil,Denmark,13
Brazil,Ecuador,1
Brazil,Egypt,5
Brazil,Ethiopia,2
Brazil,Finland,3
Brazil,France,21
Brazil,Germany,21
Brazil,Ghana,3
Brazil,Greece,6
Brazil,Guatemala,1
Brazil,Haiti,1
Brazil,Hong Kong,5
Brazil,Hungary,1
Brazil,India,23
Brazil,Iraq,3
Brazil,Ireland,4
Brazil,Israel,2
Brazil,Italy,29
Brazil,Jamaica,1
Brazil,Japan,5
Brazil,Kenya,1
Brazil,Kuwait,1
Brazil,Lebanon,1
Brazil,Luxembourg,1
Brazil,Malaysia,6
Brazil,Mauritius,1
Brazil,Mexico,27
Brazil,Morocco,1
Brazil,Mozambique,3
Brazil,Nepal,1
Brazil,Netherlands,19
Brazil,New Zealand,2
Brazil,Norway,5
Brazil,Pakistan,11
Brazil,Palestine,1
Brazil,Peru,3
Brazil,Philippines,4
Brazil,Poland,10
Brazil,Portugal,9
Brazil,Qatar,1
Brazil,Romania,4
Brazil,Russian Federation,3
Brazil,Saudi Arabia,14
Brazil,Senegal,1
Brazil,Singapore,2
Brazil,South Africa,13
Brazil,South Korea,8
Brazil,Spain,21
Brazil,Sweden,14
Brazil,Switzerland,10
Brazil,Taiwan,2
Brazil,Thailand,228
Brazil,Turkey,1
Brazil,Uganda,3
Brazil,United Arab Emirates,1
Brazil,United Kingdom,66
Brazil,United States,85
Brazil,Uruguay,1
Brazil,Viet Nam,1
Brazil,Yemen,1
Brazil,Zambia,1
Brazil,Zimbabwe,2
Brunei Darussalam,Chile,1
Brunei Darussalam,China,5
Brunei Darussalam,Egypt,1
Brunei Darussalam,Germany,1
Brunei Darussalam,Hong Kong,1
Brunei Darussalam,India,5
Brunei Darussalam,Japan,1
Brunei Darussalam,Malaysia,4
Brunei Darussalam,Mexico,1
Brunei Darussalam,Nepal,1
Brunei Darussalam,Netherlands,1
Brunei Darussalam,Pakistan,1
Brunei Darussalam,Philippines,1
Brunei Darussalam,Saudi Arabia,2
Brunei Darussalam,Singapore,6
Brunei Darussalam,South Korea,6
Brunei Darussalam,Taiwan,5
Brunei Darussalam,Thailand,11
Brunei Darussalam,United Kingdom,2
Brunei Darussalam,United States,1
Brunei Darussalam,Viet Nam,1
Bulgaria,Canada,37
Bulgaria,China,7
Bulgaria,Denmark,2
Bulgaria,Finland,1
Bulgaria,France,15
Bulgaria,Germany,5
Bulgaria,India,7
Bulgaria,Iraq,59
Bulgaria,Ireland,2
Bulgaria,Italy,5
Bulgaria,Japan,2
Bulgaria,Netherlands,14
Bulgaria,Norway,3
Bulgaria,Poland,19
Bulgaria,Russian Federation,1
Bulgaria,South Korea,13
Bulgaria,Spain,4
Bulgaria,Taiwan,1
Bulgaria,Thailand,208
Bulgaria,United Kingdom,40
Bulgaria,United States,14
Cambodia,Canada,1
Cambodia,China,9
Cambodia,France,2
Cambodia,Germany,3
Cambodia,Hong Kong,2
Cambodia,India,12
Cambodia,Indonesia,11
Cambodia,Iran,4
Cambodia,Japan,12
Cambodia,Laos,8
Cambodia,Malaysia,9
Cambodia,Mozambique,1
Cambodia,Myanmar,3
Cambodia,Nepal,2
Cambodia,Netherlands,1
Cambodia,New Zealand,1
Cambodia,Norway,1
Cambodia,Pakistan,2
Cambodia,Philippines,5
Cambodia,Portugal,1
Cambodia,Russian Federation,2
Cambodia,Saudi Arabia,4
Cambodia,Singapore,6
Cambodia,South Korea,4
Cambodia,Sweden,1
Cambodia,Switzerland,4
Cambodia,Taiwan,5
Cambodia,Thailand,73
Cambodia,Turkey,1
Cambodia,Uganda,1
Cambodia,United Kingdom,3
Cambodia,United States,17
Cambodia,Viet Nam,20
Cameroon,Canada,4
Cameroon,Jordan,1
Cameroon,Kenya,1
Cameroon,Morocco,4
Cameroon,Netherlands,1
Cameroon,Senegal,1
Cameroon,Singapore,1
Cameroon,South Africa,1
Cameroon,Thailand,1
Cameroon,United Kingdom,1
Cameroon,United States,4
Canada,Chile,6
Canada,China,30
Canada,Colombia,4
Canada,Costa Rica,1
Canada,Cyprus,1
Canada,Czech Republic,2
Canada,Denmark,10
Canada,Egypt,2
Canada,Estonia,3
Canada,Ethiopia,2
Canada,Finland,4
Canada,France,37
Canada,Gambia,1
Canada,Germany,31
Canada,Greece,9
Canada,Honduras,2
Canada,Hong Kong,14
Canada,Hungary,1
Canada,Iceland,2
Canada,India,11
Canada,Indonesia,6
Canada,Iran,6
Canada,Iraq,3
Canada,Ireland,5
Canada,Israel,2
Canada,Italy,37
Canada,Japan,24
Canada,Jordan,4
Canada,Kenya,1
Canada,Laos,1
Canada,Latvia,1
Canada,Lebanon,5
Canada,Macau,1
Canada,Malaysia,12
Canada,Malta,1
Canada,Mexico,8
Canada,Monaco,1
Canada,Morocco,7
Canada,Netherlands,17
Canada,New Zealand,8
Canada,Nigeria,3
Canada,Norway,2
Canada,Pakistan,7
Canada,Philippines,2
Canada,Poland,11
Canada,Portugal,4
Canada,Qatar,1
Canada,Romania,3
Canada,Russian Federation,6
Canada,Saudi Arabia,4
Canada,Senegal,3
Canada,Singapore,11
Canada,Slovakia,1
Canada,Slovenia,1
Canada,South Africa,14
Canada,South Korea,12
Canada,Spain,32
Canada,Sri Lanka,3
Canada,Sweden,9
Canada,Switzerland,19
Canada,Taiwan,13
Canada,Thailand,342
Canada,Tunisia,1
Canada,Turkey,5
Canada,Uganda,2
Canada,United Arab Emirates,3
Canada,United Kingdom,93
Canada,United States,141
Canada,Uruguay,4
Canada,Viet Nam,4
Cape Verde,China,1
Cape Verde,Croatia,1
Cape Verde,Jordan,1
Cape Verde,Lebanon,1
Cape Verde,Malaysia,1
Cape Verde,Portugal,1
Cape Verde,United States,1
Chad,Thailand,1
Chad,United Kingdom,1
Chad,United States,1
Chile,China,38
Chile,Colombia,1
Chile,Denmark,9
Chile,Egypt,2
Chile,France,26
Chile,Germany,10
Chile,Greece,4
Chile,Haiti,3
Chile,Hong Kong,2
Chile,India,19
Chile,Indonesia,1
Chile,Iran,3
Chile,Ireland,3
Chile,Israel,2
Chile,Italy,19
Chile,Jamaica,2
Chile,Japan,7
Chile,Malaysia,3
Chile,Mexico,4
Chile,Netherlands,5
Chile,Oman,1
Chile,Pakistan,16
Chile,Philippines,2
Chile,Poland,1
Chile,Portugal,4
Chile,Russian Federation,3
Chile,Saudi Arabia,15
Chile,Senegal,1
Chile,Singapore,2
Chile,South Africa,8
Chile,South Korea,6
Chile,Spain,6
Chile,Sri Lanka,2
Chile,Switzerland,3
Chile,Thailand,76
Chile,Turkey,4
Chile,United Arab Emirates,1
Chile,United Kingdom,20
Chile,United States,40
Chile,Viet Nam,9
China,Colombia,2
China,Croatia,3
China,Cuba,2
China,Czech Republic,3
China,Denmark,8
China,Dominican Republic,1
China,Ecuador,1
China,Egypt,9
China,Finland,1
China,France,42
China,Germany,55
China,Ghana,2
China,Greece,5
China,Hong Kong,81
China,Hungary,3
China,India,136
China,Indonesia,34
China,Iran,33
China,Iraq,6
China,Ireland,8
China,Israel,3
China,Italy,38
China,Japan,134
China,Jordan,3
China,Kazakhstan,6
China,Kuwait,2
China,Lebanon,3
China,Malaysia,83
China,Mexico,8
China,Mongolia,2
China,Morocco,1
China,Myanmar,4
China,Nepal,5
China,Netherlands,17
China,New Zealand,3
China,Nigeria,4
China,Norway,4
China,Oman,2
China,Pakistan,47
China,Papua New Guinea,1
China,Peru,1
China,Philippines,26
China,Poland,7
China,Portugal,7
China,Qatar,4
China,Romania,5
China,Russian Federation,17
China,Saudi Arabia,21
China,Senegal,1
China,Serbia,5
China,Singapore,68
China,Slovakia,1
China,Slovenia,5
China,South Africa,6
China,South Korea,93
China,South Sudan,1
China,Spain,10
China,Sri Lanka,1
China,Sudan,2
China,Sweden,10
China,Switzerland,9
China,Taiwan,115
China,Thailand,912
China,Tunisia,3
China,Turkey,5
China,Ukraine,1
China,United Arab Emirates,5
China,United Kingdom,61
China,United States,152
China,Uruguay,1
China,Viet Nam,50
China,Zambia,1
Colombia,Costa Rica,1
Colombia,Croatia,1
Colombia,Denmark,1
Colombia,Egypt,2
Colombia,Estonia,2
Colombia,Ethiopia,1
Colombia,Finland,2
Colombia,France,3
Colombia,Germany,2
Colombia,India,4
Colombia,Indonesia,2
Colombia,Iran,1
Colombia,Italy,2
Colombia,Japan,2
Colombia,Luxembourg,1
Colombia,Malaysia,2
Colombia,Mexico,1
Colombia,Netherlands,3
Colombia,Norway,1
Colombia,Pakistan,2
Colombia,Peru,1
Colombia,Philippines,2
Colombia,Poland,1
Colombia,Portugal,1
Colombia,Russian Federation,2
Colombia,Saudi Arabia,4
Colombia,Senegal,3
Colombia,Singapore,2
Colombia,South Africa,1
Colombia,South Korea,1
Colombia,Spain,2
Colombia,Thailand,16
Colombia,Turkey,1
Colombia,Uganda,2
Colombia,United Kingdom,6
Colombia,United States,8
Colombia,Uruguay,1
Costa Rica,France,1
Costa Rica,Gambia,1
Costa Rica,India,1
Costa Rica,Italy,2
Costa Rica,Latvia,1
Costa Rica,Mexico,3
Costa Rica,Netherlands,1
Costa Rica,Norway,1
Costa Rica,Pakistan,1
Costa Rica,Peru,1
Costa Rica,Poland,2
Costa Rica,Saudi Arabia,1
Costa Rica,Senegal,1
Costa Rica,Singapore,1
Costa Rica,South Africa,1
Costa Rica,Uganda,1
Costa Rica,United Kingdom,1
Costa Rica,United States,4
Costa Rica,Uruguay,1
Cote d'Ivoire,France,1
Cote d'Ivoire,Kenya,1
Cote d'Ivoire,Switzerland,1
Cote d'Ivoire,United States,1
Croatia,Egypt,1
Croatia,Ethiopia,1
Croatia,France,3
Croatia,Germany,3
Croatia,Greece,1
Croatia,India,2
Croatia,Ireland,1
Croatia,Italy,1
Croatia,Japan,1
Croatia,Jordan,1
Croatia,Lebanon,1
Croatia,Malaysia,2
Croatia,Netherlands,2
Croatia,Portugal,1
Croatia,Romania,1
Croatia,Russian Federation,1
Croatia,Saudi Arabia,1
Croatia,Serbia,1
Croatia,Singapore,1
Croatia,Slovakia,1
Croatia,Slovenia,1
Croatia,Spain,1
Croatia,Sweden,1
Croatia,Thailand,8
Croatia,United Kingdom,4
Croatia,United States,2
Croatia,Viet Nam,1
Cuba,France,1
Cuba,Germany,2
Cuba,India,1
Cuba,Italy,1
Cuba,Mexico,1
Cuba,Saudi Arabia,1
Cuba,South Africa,1
Cuba,Spain,1
Cuba,Syrian Arab Republic,1
Cuba,Taiwan,1
Cuba,Thailand,3
Cuba,United Kingdom,1
Cuba,United States,1
Cyprus,France,1
Cyprus,Germany,1
Cyprus,Greece,2
Cyprus,Ireland,1
Cyprus,Italy,1
Cyprus,Latvia,1
Cyprus,Spain,1
Cyprus,Sweden,1
Cyprus,Taiwan,1
Cyprus,Thailand,2
Cyprus,United Kingdom,1
Czech Republic,Egypt,2
Czech Republic,Finland,2
Czech Republic,France,4
Czech Republic,Germany,3
Czech Republic,Ghana,1
Czech Republic,Greece,1
Czech Republic,Hungary,5
Czech Republic,India,2
Czech Republic,Indonesia,1
Czech Republic,Iran,2
Czech Republic,Iraq,1
Czech Republic,Japan,5
Czech Republic,Lebanon,1
Czech Republic,Malaysia,2
Czech Republic,Mexico,1
Czech Republic,Netherlands,2
Czech Republic,Nigeria,1
Czech Republic,Norway,1
Czech Republic,Panama,4
Czech Republic,Poland,7
Czech Republic,Portugal,4
Czech Republic,Russian Federation,2
Czech Republic,Slovakia,3
Czech Republic,South Africa,1
Czech Republic,Spain,2
Czech Republic,Thailand,34
Czech Republic,United Kingdom,9
Czech Republic,United States,12
Czech Republic,Viet Nam,1
Democratic Republic Congo,Italy,1
Democratic Republic Congo,Pakistan,1
Democratic Republic Congo,Turkey,1
Democratic Republic Congo,United States,1
Denmark,Egypt,3
Denmark,Ethiopia,1
Denmark,Finland,1
Denmark,France,15
Denmark,Germany,14
Denmark,Greece,7
Denmark,Hong Kong,1
Denmark,Hungary,1
Denmark,India,5
Denmark,Iran,3
Denmark,Ireland,5
Denmark,Israel,2
Denmark,Italy,6
Denmark,Japan,10
Denmark,Malaysia,2
Denmark,Morocco,1
Denmark,Netherlands,8
Denmark,New Zealand,2
Denmark,Norway,5
Denmark,Philippines,1
Denmark,Poland,2
Denmark,Portugal,2
Denmark,Saudi Arabia,3
Denmark,Serbia,1
Denmark,South Africa,1
Denmark,South Korea,4
Denmark,Spain,8
Denmark,Sweden,14
Denmark,Switzerland,6
Denmark,Thailand,87
Denmark,Turkey,3
Denmark,Uganda,1
Denmark,United Kingdom,28
Denmark,United States,30
Denmark,Uruguay,3
Denmark,Viet Nam,1
Dominican Republic,India,1
Dominican Republic,Lebanon,3
Dominican Republic,Malaysia,1
Dominican Republic,Russian Federation,1
Dominican Republic,Spain,1
Dominican Republic,Taiwan,1
Dominican Republic,Thailand,5
Dominican Republic,Uganda,1
Dominican Republic,United States,5
Ecuador,Finland,1
Ecuador,Germany,1
Ecuador,Hong Kong,1
Ecuador,Italy,1
Ecuador,Kazakhstan,1
Ecuador,Saudi Arabia,1
Ecuador,Spain,1
Ecuador,Thailand,7
Ecuador,United Kingdom,1
Ecuador,United States,1
Egypt,Ethiopia,1
Egypt,Germany,3
Egypt,Ghana,1
Egypt,Greece,2
Egypt,Hong Kong,2
Egypt,India,14
Egypt,Iran,26
Egypt,Ireland,2
Egypt,Israel,1
Egypt,Italy,3
Egypt,Jamaica,1
Egypt,Japan,4
Egypt,Malaysia,9
Egypt,Norway,1
Egypt,Pakistan,7
Egypt,Peru,1
Egypt,Philippines,2
Egypt,Poland,1
Egypt,Russian Federation,1
Egypt,Saudi Arabia,14
Egypt,South Africa,2
Egypt,South Korea,2
Egypt,Spain,3
Egypt,Sudan,1
Egypt,Sweden,2
Egypt,Switzerland,1
Egypt,Taiwan,3
Egypt,Thailand,78
Egypt,Tunisia,1
Egypt,Turkey,1
Egypt,United Arab Emirates,1
Egypt,United Kingdom,3
Egypt,United States,41
Egypt,Viet Nam,2
Eritrea,Thailand,1
Estonia,France,2
Estonia,Iran,1
Estonia,Lebanon,1
Estonia,Netherlands,1
Estonia,Nigeria,3
Estonia,Poland,1
Estonia,Portugal,2
Estonia,Russian Federation,1
Estonia,Senegal,2
Estonia,Spain,2
Estonia,Turkey,1
Estonia,Uganda,2
Estonia,United Kingdom,1
Estonia,United States,2
Ethiopia,India,3
Ethiopia,Italy,2
Ethiopia,Malaysia,1
Ethiopia,Norway,1
Ethiopia,Saudi Arabia,1
Ethiopia,South Africa,1
Ethiopia,Thailand,9
Ethiopia,United Kingdom,1
Ethiopia,United States,4
Federated States of Micronesia,Saudi Arabia,1
Federated States of Micronesia,Thailand,2
Federated States of Micronesia,United States,1
Finland,Germany,2
Finland,Hong Kong,3
Finland,India,1
Finland,Indonesia,2
Finland,Ireland,3
Finland,Italy,1
Finland,Japan,2
Finland,Malaysia,1
Finland,Netherlands,3
Finland,Nigeria,1
Finland,Norway,1
Finland,Pakistan,2
Finland,Panama,1
Finland,Romania,1
Finland,Saudi Arabia,1
Finland,South Africa,1
Finland,South Korea,3
Finland,Spain,2
Finland,Sweden,6
Finland,Thailand,34
Finland,Uganda,1
Finland,United Kingdom,10
Finland,United States,16
France,Germany,72
France,Greece,11
France,Hong Kong,10
France,Hungary,2
France,India,7
France,Indonesia,2
France,Iran,2
France,Ireland,5
France,Israel,6
France,Italy,47
France,Japan,39
France,Kazakhstan,3
France,Kenya,2
France,Laos,2
France,Latvia,2
France,Lebanon,2
France,Malaysia,10
France,Malta,2
France,Mexico,5
France,Monaco,1
France,Morocco,1
France,Myanmar,1
France,Namibia,1
France,Netherlands,34
France,New Zealand,3
France,Norway,2
France,Pakistan,14
France,Peru,2
France,Philippines,4
France,Poland,10
France,Portugal,4
France,Romania,8
France,Russian Federation,12
France,Saudi Arabia,2
France,Senegal,4
France,Serbia,1
France,Singapore,8
France,Slovakia,2
France,South Africa,5
France,South Korea,11
France,Spain,29
France,Sri Lanka,1
France,Sweden,16
France,Switzerland,31
France,Taiwan,11
France,Thailand,333
France,Tunisia,2
France,Turkey,6
France,Uganda,4
France,United Arab Emirates,1
France,United Kingdom,67
France,United States,101
France,Uruguay,1
France,Viet Nam,12
Gambia,South Africa,1
Gambia,United Kingdom,1
Gambia,United States,1
Georgia,Greece,1
Georgia,Hong Kong,1
Georgia,Hungary,1
Georgia,Moldova,1
Georgia,Russian Federation,2
Georgia,Serbia,1
Georgia,Taiwan,1
Georgia,Thailand,2
Georgia,Turkey,1
Georgia,Ukraine,2
Germany,Ghana,1
Germany,Greece,9
Germany,Hong Kong,8
Germany,Hungary,1
Germany,India,22
Germany,Indonesia,8
Germany,Iran,4
Germany,Ireland,9
Germany,Israel,4
Germany,Italy,40
Germany,Japan,38
Germany,Kazakhstan,1
Germany,Kenya,1
Germany,Laos,1
Germany,Latvia,1
Germany,Luxembourg,1
Germany,Malaysia,23
Germany,Malta,1
Germany,Mexico,10
Germany,Mongolia,2
Germany,Morocco,1
Germany,Mozambique,1
Germany,Myanmar,8
Germany,Namibia,1
Germany,Netherlands,30
Germany,New Zealand,5
Germany,Nigeria,3
Germany,North Macedonia,3
Germany,Norway,4
Germany,Pakistan,6
Germany,Philippines,7
Germany,Poland,10
Germany,Portugal,9
Germany,Qatar,1
Germany,Romania,6
Germany,Russian Federation,2
Germany,Saudi Arabia,9
Germany,Serbia,3
Germany,Singapore,13
Germany,Slovakia,1
Germany,Slovenia,5
Germany,South Africa,6
Germany,South Korea,12
Germany,Spain,28
Germany,Sudan,1
Germany,Sweden,19
Germany,Switzerland,20
Germany,Syrian Arab Republic,1
Germany,Taiwan,14
Germany,Thailand,378
Germany,Turkey,5
Germany,Ukraine,1
Germany,United Kingdom,76
Germany,United States,132
Germany,Uruguay,1
Germany,Viet Nam,10
Ghana,Hong Kong,1
Ghana,India,2
Ghana,Italy,2
Ghana,Kazakhstan,3
Ghana,Malaysia,3
Ghana,Netherlands,1
Ghana,Nigeria,5
Ghana,Norway,1
Ghana,Pakistan,1
Ghana,Rwanda,1
Ghana,Saudi Arabia,3
Ghana,Slovakia,1
Ghana,South Africa,1
Ghana,Sweden,2
Ghana,Switzerland,2
Ghana,Thailand,9
Ghana,Uganda,1
Ghana,United Kingdom,4
Ghana,United States,5
Greece,Hungary,1
Greece,India,1
Greece,Ireland,2
Greece,Israel,2
Greece,Italy,11
Greece,Japan,4
Greece,Latvia,1
Greece,Lebanon,1
Greece,Malta,1
Greece,Mexico,2
Greece,Netherlands,3
Greece,Norway,2
Greece,Philippines,1
Greece,Poland,1
Greece,Portugal,1
Greece,Romania,1
Greece,Russian Federation,4
Greece,Serbia,2
Greece,Singapore,3
Greece,Slovakia,1
Greece,South Africa,2
Greece,Spain,15
Greece,Sweden,5
Greece,Switzerland,2
Greece,Taiwan,2
Greece,Thailand,34
Greece,Turkey,2
Greece,Ukraine,1
Greece,United Arab Emirates,1
Greece,United Kingdom,17
Greece,United States,13
Greece,Uruguay,3
Greece,Viet Nam,2
Guatemala,India,1
Guatemala,Jamaica,1
Guatemala,Kuwait,1
Guatemala,Philippines,1
Guatemala,Singapore,1
Guatemala,Thailand,1
Guatemala,United Kingdom,1
Guatemala,Viet Nam,1
Haiti,Malaysia,1
Haiti,Pakistan,3
Haiti,South Africa,1
Haiti,Thailand,1
Haiti,United States,4
Haiti,Viet Nam,3
Haiti,Zimbabwe,1
Honduras,South Africa,2
Honduras,United States,2
Hong Kong,India,31
Hong Kong,Indonesia,8
Hong Kong,Iran,3
Hong Kong,Ireland,2
Hong Kong,Italy,6
Hong Kong,Japan,36
Hong Kong,Kazakhstan,1
Hong Kong,Kuwait,2
Hong Kong,Laos,1
Hong Kong,Lithuania,1
Hong Kong,Malaysia,29
Hong Kong,Mexico,3
Hong Kong,Moldova,2
Hong Kong,Myanmar,1
Hong Kong,Nepal,2
Hong Kong,Netherlands,6
Hong Kong,New Zealand,3
Hong Kong,Nigeria,2
Hong Kong,Norway,1
Hong Kong,Pakistan,5
Hong Kong,Philippines,17
Hong Kong,Poland,3
Hong Kong,Russian Federation,1
Hong Kong,Saudi Arabia,3
Hong Kong,Singapore,41
Hong Kong,South Africa,3
Hong Kong,South Korea,37
Hong Kong,Spain,3
Hong Kong,Sri Lanka,1
Hong Kong,Sweden,3
Hong Kong,Switzerland,5
Hong Kong,Taiwan,39
Hong Kong,Thailand,200
Hong Kong,Tunisia,1
Hong Kong,United Arab Emirates,1
Hong Kong,United Kingdom,10
Hong Kong,United States,27
Hong Kong,Viet Nam,13
Hungary,Israel,1
Hungary,Italy,2
Hungary,Japan,3
Hungary,Malaysia,4
Hungary,Mexico,1
Hungary,Netherlands,3
Hungary,New Zealand,2
Hungary,Poland,4
Hungary,Portugal,10
Hungary,Qatar,1
Hungary,Russian Federation,1
Hungary,Serbia,1
Hungary,Slovakia,2
Hungary,Slovenia,2
Hungary,South Korea,1
Hungary,Spain,2
Hungary,Sweden,2
Hungary,Taiwan,1
Hungary,Thailand,28
Hungary,Turkey,1
Hungary,Ukraine,1
Hungary,United Arab Emirates,1
Hungary,United Kingdom,6
Hungary,United States,7
Iceland,Japan,1
Iceland,Thailand,32
Iceland,United Kingdom,1
India,Indonesia,35
India,Iran,7
India,Iraq,9
India,Ireland,7
India,Israel,6
India,Italy,24
India,Jamaica,1
India,Japan,71
India,Jordan,2
India,Kazakhstan,1
India,Kenya,1
India,Kuwait,2
India,Lebanon,19
India,Lithuania,1
India,Malaysia,86
India,Mauritius,1
India,Mexico,16
India,Morocco,4
India,Myanmar,2
India,Nepal,9
India,Netherlands,6
India,New Zealand,1
India,Niger,1
India,Nigeria,14
India,North Macedonia,3
India,Norway,7
India,Oman,4
India,Pakistan,20
India,Peru,2
India,Philippines,25
India,Poland,10
India,Portugal,10
India,Qatar,4
India,Romania,2
India,Russian Federation,11
India,Saudi Arabia,66
India,Senegal,2
India,Serbia,6
India,Singapore,54
India,Slovakia,2
India,Slovenia,4
India,South Africa,23
India,South Korea,100
India,Spain,10
India,Sri Lanka,2
India,Sweden,23
India,Switzerland,9
India,Syrian Arab Republic,1
India,Taiwan,76
India,Thailand,641
India,Tunisia,1
India,Turkey,6
India,Uganda,5
India,Ukraine,1
India,United Arab Emirates,7
India,United Kingdom,40
India,United States,89
India,Uruguay,2
India,Viet Nam,47
India,Zambia,1
India,Zimbabwe,1
Indonesia,Iran,1
Indonesia,Italy,4
Indonesia,Japan,57
Indonesia,Jordan,2
Indonesia,Lithuania,1
Indonesia,Malaysia,50
Indonesia,Mexico,1
Indonesia,Mongolia,2
Indonesia,Myanmar,7
Indonesia,Nepal,2
Indonesia,Netherlands,3
Indonesia,Nigeria,1
Indonesia,Pakistan,4
Indonesia,Palestine,1
Indonesia,Philippines,29
Indonesia,Poland,1
Indonesia,Portugal,2
Indonesia,Saudi Arabia,7
Indonesia,Senegal,1
Indonesia,Singapore,19
Indonesia,South Africa,1
Indonesia,South Korea,24
Indonesia,Spain,1
Indonesia,Sri Lanka,1
Indonesia,Sweden,1
Indonesia,Switzerland,1
Indonesia,Taiwan,28
Indonesia,Thailand,364
Indonesia,Tunisia,1
Indonesia,United Arab Emirates,1
Indonesia,United Kingdom,15
Indonesia,United States,38
Indonesia,Viet Nam,34
Iran,Iraq,4
Iran,Israel,1
Iran,Italy,6
Iran,Japan,9
Iran,Jordan,1
Iran,Kazakhstan,1
Iran,Kenya,1
Iran,Kuwait,1
Iran,Lebanon,1
Iran,Malaysia,12
Iran,Nepal,3
Iran,Netherlands,1
Iran,New Zealand,1
Iran,Nigeria,1
Iran,Norway,5
Iran,Pakistan,2
Iran,Peru,1
Iran,Philippines,3
Iran,Portugal,2
Iran,Romania,4
Iran,Russian Federation,1
Iran,Saudi Arabia,7
Iran,Singapore,3
Iran,Slovakia,2
Iran,South Africa,3
Iran,South Korea,2
Iran,Spain,2
Iran,Sudan,1
Iran,Sweden,1
Iran,Switzerland,1
Iran,Taiwan,4
Iran,Thailand,127
Iran,Turkey,1
Iran,Uganda,2
Iran,United Kingdom,8
Iran,United States,38
Iran,Viet Nam,5
Iraq,Israel,1
Iraq,Japan,1
Iraq,Jordan,1
Iraq,Malaysia,12
Iraq,Morocco,1
Iraq,Niger,1
Iraq,Nigeria,1
Iraq,Pakistan,2
Iraq,Poland,2
Iraq,Saudi Arabia,1
Iraq,Serbia,1
Iraq,South Africa,1
Iraq,South Korea,8
Iraq,Taiwan,2
Iraq,Thailand,86
Iraq,United Arab Emirates,1
Iraq,United Kingdom,3
Iraq,United States,5
Iraq,Viet Nam,1
Ireland,Italy,4
Ireland,Japan,3
Ireland,Latvia,1
Ireland,Mexico,1
Ireland,Namibia,1
Ireland,Netherlands,5
Ireland,New Zealand,1
Ireland,Peru,2
Ireland,Poland,2
Ireland,Portugal,1
Ireland,Qatar,1
Ireland,Singapore,2
Ireland,Slovenia,1
Ireland,South Africa,2
Ireland,South Korea,3
Ireland,Spain,4
Ireland,Sudan,1
Ireland,Sweden,2
Ireland,Switzerland,5
Ireland,Taiwan,1
Ireland,Thailand,32
Ireland,United Kingdom,28
Ireland,United States,17
Israel,Italy,5
Israel,Japan,4
Israel,Morocco,2
Israel,Netherlands,2
Israel,New Zealand,1
Israel,Niger,1
Israel,Nigeria,1
Israel,Norway,2
Israel,Poland,2
Israel,Saudi Arabia,1
Israel,Senegal,3
Israel,Singapore,1
Israel,South Korea,1
Israel,Spain,2
Israel,Sri Lanka,1
Israel,Sweden,2
Israel,Switzerland,2
Israel,Taiwan,4
Israel,Thailand,37
Israel,United Kingdom,12
Israel,United States,24
Israel,Viet Nam,1
Israel,Zambia,1
Italy,Japan,26
Italy,Jordan,1
Italy,Kazakhstan,6
Italy,Latvia,2
Italy,Lebanon,6
Italy,Luxembourg,1
Italy,Malawi,1
Italy,Malaysia,10
Italy,Mexico,5
Italy,Mongolia,1
Italy,Morocco,3
Italy,Netherlands,18
Italy,New Zealand,1
Italy,Nigeria,6
Italy,North Macedonia,3
Italy,Norway,6
Italy,Pakistan,16
Italy,Peru,1
Italy,Philippines,3
Italy,Poland,10
Italy,Portugal,4
Italy,Qatar,2
Italy,Romania,6
Italy,Russian Federation,11
Italy,Saudi Arabia,13
Italy,Senegal,1
Italy,Singapore,5
Italy,Slovakia,1
Italy,Slovenia,4
Italy,South Africa,3
Italy,South Korea,11
Italy,Spain,41
Italy,Sweden,18
Italy,Switzerland,9
Italy,Taiwan,8
Italy,Thailand,172
Italy,Trinidad and Tobago,1
Italy,Tunisia,3
Italy,Turkey,11
Italy,Uganda,1
Italy,Ukraine,1
Italy,United Arab Emirates,2
Italy,United Kingdom,67
Italy,United States,88
Jamaica,Kuwait,1
Jamaica,Philippines,1
Jamaica,Singapore,1
Jamaica,South Africa,2
Jamaica,Thailand,4
Jamaica,Turkey,1
Jamaica,United Kingdom,1
Jamaica,United States,3
Jamaica,Viet Nam,1
Japan,Kazakhstan,9
Japan,Kenya,2
Japan,Kuwait,2
Japan,Laos,1
Japan,Latvia,1
Japan,Lebanon,1
Japan,Malawi,1
Japan,Malaysia,66
Japan,Mexico,8
Japan,Mongolia,1
Japan,Myanmar,8
Japan,Nepal,7
Japan,Netherlands,22
Japan,New Zealand,7
Japan,Nigeria,1
Japan,North Macedonia,1
Japan,Norway,2
Japan,Pakistan,10
Japan,Palestine,1
Japan,Philippines,42
Japan,Poland,3
Japan,Portugal,4
Japan,Romania,1
Japan,Russian Federation,16
Japan,Rwanda,1
Japan,Saudi Arabia,17
Japan,Senegal,2
Japan,Serbia,2
Japan,Singapore,62
Japan,Slovenia,3
Japan,South Africa,9
Japan,South Korea,93
Japan,Spain,16
Japan,Sri Lanka,2
Japan,Sudan,2
Japan,Sweden,9
Japan,Switzerland,14
Japan,Taiwan,81
Japan,Thailand,1625
Japan,Turkey,6
Japan,Ukraine,2
Japan,United Kingdom,74
Japan,United States,164
Japan,Uruguay,1
Japan,Viet Nam,62
Japan,Zambia,2
Jordan,Lebanon,1
Jordan,Malaysia,1
Jordan,Morocco,2
Jordan,Netherlands,1
Jordan,Pakistan,1
Jordan,Portugal,1
Jordan,Russian Federation,1
Jordan,Singapore,1
Jordan,South Africa,1
Jordan,Thailand,5
Jordan,United Arab Emirates,1
Jordan,United Kingdom,1
Jordan,United States,5
Kazakhstan,Lithuania,1
Kazakhstan,Netherlands,1
Kazakhstan,New Zealand,1
Kazakhstan,Nigeria,1
Kazakhstan,Norway,1
Kazakhstan,Poland,1
Kazakhstan,Romania,1
Kazakhstan,Russian Federation,8
Kazakhstan,Rwanda,1
Kazakhstan,Sweden,2
Kazakhstan,Thailand,26
Kazakhstan,United Kingdom,2
Kazakhstan,United States,3
Kenya,Lebanon,1
Kenya,Mauritius,1
Kenya,Mexico,1
Kenya,Monaco,1
Kenya,Netherlands,1
Kenya,Philippines,1
Kenya,Senegal,1
Kenya,South Africa,3
Kenya,Sudan,1
Kenya,Sweden,1
Kenya,Switzerland,2
Kenya,Thailand,13
Kenya,United Kingdom,3
Kenya,United States,7
Kuwait,Nepal,1
Kuwait,Pakistan,1
Kuwait,Philippines,1
Kuwait,Singapore,2
Kuwait,South Korea,2
Kuwait,Taiwan,2
Kuwait,Thailand,4
Kuwait,United Kingdom,1
Kuwait,Viet Nam,1
Laos,Malaysia,2
Laos,Myanmar,3
Laos,New Zealand,1
Laos,Philippines,1
Laos,Singapore,1
Laos,Switzerland,2
Laos,Thailand,28
Laos,United Kingdom,4
Laos,United States,2
Laos,Viet Nam,4
Latvia,Nepal,1
Latvia,Netherlands,1
Latvia,Peru,1
Latvia,Poland,1
Latvia,Rwanda,1
Latvia,Senegal,1
Latvia,Singapore,1
Latvia,Spain,1
Latvia,Taiwan,2
Latvia,Uganda,1
Latvia,Ukraine,1
Latvia,United States,1
Lebanon,Malaysia,2
Lebanon,Mexico,4
Lebanon,Monaco,1
Lebanon,Nepal,1
Lebanon,New Zealand,1
Lebanon,Nigeria,1
Lebanon,Pakistan,1
Lebanon,Philippines,1
Lebanon,Portugal,1
Lebanon,Saudi Arabia,8
Lebanon,South Africa,2
Lebanon,South Korea,2
Lebanon,Spain,3
Lebanon,Sweden,1
Lebanon,Thailand,30
Lebanon,Turkey,2
Lebanon,United Arab Emirates,1
Lebanon,United Kingdom,3
Lebanon,United States,12
Lithuania,Malaysia,1
Lithuania,New Zealand,1
Lithuania,Poland,2
Lithuania,Sweden,1
Lithuania,Thailand,3
Lithuania,United States,1
Lithuania,Viet Nam,1
Luxembourg,Netherlands,1
Luxembourg,Spain,1
Luxembourg,Taiwan,1
Luxembourg,Thailand,4
Luxembourg,United Kingdom,3
Luxembourg,United States,1
Luxembourg,Viet Nam,1
Macau,Malaysia,1
Macau,Netherlands,1
Macau,Philippines,1
Macau,Portugal,1
Macau,Spain,1
Macau,Switzerland,1
Macau,Thailand,2
Macau,United States,1
Macau,Viet Nam,1
Malawi,Netherlands,1
Malawi,Nigeria,1
Malawi,Sweden,1
Malawi,Thailand,3
Malawi,Tunisia,1
Malawi,United Kingdom,1
Malawi,United States,1
Malaysia,Mauritius,1
Malaysia,Mexico,2
Malaysia,Mongolia,2
Malaysia,Myanmar,7
Malaysia,Netherlands,2
Malaysia,New Zealand,2
Malaysia,Nigeria,17
Malaysia,Norway,6
Malaysia,Oman,2
Malaysia,Pakistan,27
Malaysia,Philippines,47
Malaysia,Poland,8
Malaysia,Portugal,3
Malaysia,Qatar,3
Malaysia,Romania,1
Malaysia,Russian Federation,5
Malaysia,Saudi Arabia,23
Malaysia,Senegal,1
Malaysia,Serbia,1
Malaysia,Singapore,60
Malaysia,Slovenia,2
Malaysia,South Africa,8
Malaysia,South Korea,57
Malaysia,Spain,4
Malaysia,Sri Lanka,1
Malaysia,Sudan,1
Malaysia,Sweden,1
Malaysia,Switzerland,5
Malaysia,Taiwan,54
Malaysia,Thailand,487
Malaysia,Tunisia,6
Malaysia,Turkey,3
Malaysia,Uganda,1
Malaysia,Ukraine,1
Malaysia,United Arab Emirates,10
Malaysia,United Kingdom,36
Malaysia,United States,56
Malaysia,Viet Nam,55
Malta,Thailand,2
Malta,United Kingdom,1
Mauritania,Palestine,1
Mauritania,South Korea,1
Mauritania,United States,1
Mauritania,Yemen,1
Mauritius,Philippines,1
Mauritius,Thailand,2
Mauritius,United States,1
Mexico,Nepal,1
Mexico,Netherlands,7
Mexico,Norway,1
Mexico,Peru,1
Mexico,Philippines,1
Mexico,Poland,14
Mexico,Romania,2
Mexico,Russian Federation,3
Mexico,Saudi Arabia,5
Mexico,Senegal,1
Mexico,South Africa,5
Mexico,South Korea,11
Mexico,Spain,8
Mexico,Sudan,1
Mexico,Switzerland,4
Mexico,Syrian Arab Republic,1
Mexico,Taiwan,3
Mexico,Thailand,69
Mexico,Turkey,1
Mexico,United Arab Emirates,1
Mexico,United Kingdom,16
Mexico,United States,73
Mexico,Uruguay,2
Moldova,New Zealand,2
Moldova,South Korea,1
Moldova,Taiwan,1
Moldova,Thailand,3
Moldova,United States,1
Monaco,Sweden,1
Monaco,Thailand,1
Monaco,United States,1
Mongolia,Myanmar,2
Mongolia,South Korea,2
Mongolia,Thailand,5
Mongolia,Viet Nam,2
Morocco,Netherlands,1
Morocco,Niger,1
Morocco,Nigeria,1
Morocco,Saudi Arabia,1
Morocco,Singapore,1
Morocco,South Africa,2
Morocco,Thailand,4
Morocco,Turkey,1
Morocco,United Kingdom,3
Morocco,United States,8
Mozambique,Portugal,2
Mozambique,Switzerland,1
Mozambique,Thailand,4
Mozambique,United States,4
Myanmar,Nepal,2
Myanmar,Netherlands,1
Myanmar,Nigeria,1
Myanmar,Norway,1
Myanmar,Philippines,6
Myanmar,Singapore,3
Myanmar,Slovenia,1
Myanmar,South Korea,4
Myanmar,Taiwan,4
Myanmar,Thailand,58
Myanmar,Turkey,1
Myanmar,United Kingdom,4
Myanmar,United States,8
Myanmar,Viet Nam,8
Namibia,Poland,1
Namibia,South Africa,1
Namibia,United Kingdom,1
Nepal,Nigeria,1
Nepal,Norway,1
Nepal,Pakistan,3
Nepal,Palestine,1
Nepal,Philippines,4
Nepal,Rwanda,1
Nepal,Saudi Arabia,6
Nepal,Singapore,3
Nepal,South Korea,2
Nepal,Taiwan,4
Nepal,Thailand,21
Nepal,Turkey,1
Nepal,Ukraine,1
Nepal,United Kingdom,3
Nepal,United States,7
Nepal,Viet Nam,3
Netherlands,New Zealand,8
Netherlands,Nigeria,1
Netherlands,Norway,3
Netherlands,Pakistan,1
Netherlands,Peru,1
Netherlands,Philippines,5
Netherlands,Poland,14
Netherlands,Portugal,4
Netherlands,Qatar,1
Netherlands,Romania,1
Netherlands,Russian Federation,1
Netherlands,Senegal,3
Netherlands,Singapore,11
Netherlands,Slovakia,2
Netherlands,South Africa,5
Netherlands,South Korea,2
Netherlands,Spain,16
Netherlands,Sweden,5
Netherlands,Switzerland,13
Netherlands,Taiwan,4
Netherlands,Thailand,202
Netherlands,Tunisia,1
Netherlands,Turkey,2
Netherlands,Uganda,2
Netherlands,United Kingdom,64
Netherlands,United States,74
Netherlands,Viet Nam,6
Netherlands,Zambia,1
New Zealand,Norway,1
New Zealand,Poland,5
New Zealand,Russian Federation,5
New Zealand,Saudi Arabia,1
New Zealand,Singapore,4
New Zealand,South Africa,1
New Zealand,South Korea,5
New Zealand,Spain,1
New Zealand,Sweden,8
New Zealand,Taiwan,1
New Zealand,Thailand,73
New Zealand,United Kingdom,17
New Zealand,United States,18
New Zealand,Viet Nam,1
Niger,Nigeria,1
Niger,United Kingdom,1
Niger,United States,1
Nigeria,North Macedonia,3
Nigeria,Pakistan,2
Nigeria,Palestine,1
Nigeria,Philippines,1
Nigeria,Portugal,2
Nigeria,Rwanda,1
Nigeria,Saudi Arabia,4
Nigeria,Serbia,6
Nigeria,Slovakia,1
Nigeria,Slovenia,3
Nigeria,South Africa,3
Nigeria,South Korea,1
Nigeria,Spain,3
Nigeria,Sweden,4
Nigeria,Switzerland,2
Nigeria,Taiwan,1
Nigeria,Thailand,55
Nigeria,Tunisia,1
Nigeria,Turkey,1
Nigeria,Uganda,2
Nigeria,United Kingdom,7
Nigeria,United States,12
Nigeria,Viet Nam,1
North Macedonia,Portugal,1
North Macedonia,Saudi Arabia,4
North Macedonia,Serbia,2
North Macedonia,Slovenia,4
North Macedonia,Sweden,3
North Macedonia,Thailand,1
North Macedonia,United States,4
Norway,Oman,2
Norway,Pakistan,2
Norway,Philippines,2
Norway,Poland,1
Norway,Portugal,2
Norway,Romania,4
Norway,Russian Federation,2
Norway,Saudi Arabia,1
Norway,Singapore,1
Norway,South Korea,5
Norway,Spain,4
Norway,Sweden,4
Norway,Switzerland,3
Norway,Taiwan,7
Norway,Thailand,50
Norway,Turkey,2
Norway,United Kingdom,8
Norway,United States,19
Norway,Viet Nam,4
Norway,Zambia,1
Oman,Portugal,2
Oman,Saudi Arabia,1
Oman,South Africa,2
Oman,South Korea,2
Oman,Taiwan,2
Oman,Thailand,6
Oman,United States,1
Oman,Viet Nam,1
Pakistan,Peru,2
Pakistan,Philippines,2
Pakistan,Poland,1
Pakistan,Portugal,4
Pakistan,Romania,2
Pakistan,Russian Federation,3
Pakistan,Saudi Arabia,41
Pakistan,Serbia,1
Pakistan,Singapore,4
Pakistan,Slovenia,1
Pakistan,South Africa,2
Pakistan,South Korea,8
Pakistan,Spain,1
Pakistan,Sri Lanka,4
Pakistan,Sweden,2
Pakistan,Switzerland,2
Pakistan,Taiwan,7
Pakistan,Thailand,206
Pakistan,Tunisia,1
Pakistan,Turkey,3
Pakistan,Uganda,1
Pakistan,Ukraine,1
Pakistan,United Arab Emirates,3
Pakistan,United Kingdom,11
Pakistan,United States,19
Pakistan,Uruguay,1
Pakistan,Viet Nam,7
Palestine,Saudi Arabia,1
Palestine,South Korea,1
Palestine,Thailand,4
Palestine,United Kingdom,1
Palestine,United States,2
Palestine,Yemen,2
Panama,Thailand,2
Panama,United Kingdom,3
Panama,United States,4
Papua New Guinea,Switzerland,2
Papua New Guinea,Thailand,2
Papua New Guinea,United Kingdom,1
Papua New Guinea,Viet Nam,1
Peru,Poland,1
Peru,Portugal,1
Peru,Saudi Arabia,2
Peru,Senegal,1
Peru,South Africa,3
Peru,Spain,1
Peru,Switzerland,1
Peru,Thailand,9
Peru,Uganda,1
Peru,United Kingdom,2
Peru,United States,4
Philippines,Portugal,2
Philippines,Russian Federation,1
Philippines,Saudi Arabia,4
Philippines,Senegal,1
Philippines,Singapore,37
Philippines,South Africa,1
Philippines,South Korea,20
Philippines,Spain,1
Philippines,Sweden,1
Philippines,Switzerland,2
Philippines,Taiwan,26
Philippines,Thailand,135
Philippines,Turkey,2
Philippines,Uganda,1
Philippines,United Kingdom,8
Philippines,United States,10
Philippines,Viet Nam,30
Philippines,Zambia,2
Poland,Portugal,2
Poland,Qatar,2
Poland,Romania,1
Poland,Russian Federation,11
Poland,Senegal,2
Poland,Singapore,5
Poland,Slovakia,2
Poland,South Africa,4
Poland,South Korea,5
Poland,Spain,8
Poland,Sweden,2
Poland,Switzerland,4
Poland,Taiwan,12
Poland,Thailand,93
Poland,Turkey,1
Poland,Uganda,2
Poland,United Kingdom,19
Poland,United States,30
Poland,Viet Nam,1
Portugal,Qatar,1
Portugal,Russian Federation,1
Portugal,Saudi Arabia,6
Portugal,Serbia,2
Portugal,Singapore,2
Portugal,Slovenia,1
Portugal,South Africa,5
Portugal,South Korea,2
Portugal,Spain,9
Portugal,Sweden,1
Portugal,Switzerland,4
Portugal,Taiwan,3
Portugal,Thailand,51
Portugal,Tunisia,1
Portugal,Turkey,2
Portugal,Uganda,4
Portugal,United Kingdom,14
Portugal,United States,16
Puerto Rico,Thailand,1
Puerto Rico,United States,1
Qatar,Saudi Arabia,1
Qatar,South Africa,1
Qatar,Spain,1
Qatar,Switzerland,1
Qatar,Thailand,10
Qatar,Turkey,1
Qatar,United Arab Emirates,1
Qatar,United Kingdom,1
Qatar,United States,3
Romania,Saudi Arabia,1
Romania,Serbia,1
Romania,Singapore,1
Romania,South Africa,1
Romania,Spain,4
Romania,Sweden,3
Romania,Switzerland,1
Romania,Taiwan,1
Romania,Thailand,25
Romania,Turkey,1
Romania,United Kingdom,9
Romania,United States,3
Russian Federation,Saudi Arabia,3
Russian Federation,Senegal,1
Russian Federation,Serbia,1
Russian Federation,Singapore,2
Russian Federation,Slovakia,9
Russian Federation,South Korea,5
Russian Federation,South Sudan,1
Russian Federation,Spain,9
Russian Federation,Sweden,5
Russian Federation,Switzerland,2
Russian Federation,Taiwan,2
Russian Federation,Thailand,82
Russian Federation,Turkey,4
Russian Federation,Uganda,2
Russian Federation,Ukraine,2
Russian Federation,United Kingdom,9
Russian Federation,United States,19
Russian Federation,Viet Nam,4
Rwanda,Singapore,2
Rwanda,Taiwan,1
Rwanda,Thailand,2
Rwanda,Ukraine,1
Rwanda,United Kingdom,1
Rwanda,United States,1
Saudi Arabia,Serbia,2
Saudi Arabia,Singapore,8
Saudi Arabia,Slovakia,1
Saudi Arabia,Slovenia,3
Saudi Arabia,South Africa,6
Saudi Arabia,South Korea,15
Saudi Arabia,Spain,7
Saudi Arabia,Sweden,4
Saudi Arabia,Switzerland,1
Saudi Arabia,Syrian Arab Republic,1
Saudi Arabia,Taiwan,6
Saudi Arabia,Thailand,162
Saudi Arabia,Tunisia,5
Saudi Arabia,Turkey,4
Saudi Arabia,Uganda,2
Saudi Arabia,United Arab Emirates,3
Saudi Arabia,United Kingdom,14
Saudi Arabia,United States,34
Saudi Arabia,Uruguay,1
Saudi Arabia,Viet Nam,7
Saudi Arabia,Yemen,1
Senegal,South Africa,3
Senegal,Spain,1
Senegal,Sudan,1
Senegal,Switzerland,1
Senegal,Taiwan,1
Senegal,Thailand,7
Senegal,Turkey,1
Senegal,Uganda,3
Senegal,United Kingdom,5
Senegal,United States,6
Senegal,Uruguay,1
Serbia,Singapore,1
Serbia,Slovenia,2
Serbia,South Korea,1
Serbia,Taiwan,1
Serbia,Thailand,22
Serbia,Turkey,1
Serbia,Ukraine,1
Serbia,United Kingdom,3
Serbia,United States,2
Serbia,Viet Nam,2
Singapore,Slovenia,1
Singapore,South Africa,5
Singapore,South Korea,53
Singapore,Spain,5
Singapore,Sri Lanka,1
Singapore,Sweden,3
Singapore,Switzerland,3
Singapore,Taiwan,57
Singapore,Thailand,295
Singapore,Ukraine,1
Singapore,United Kingdom,35
Singapore,United States,52
Singapore,Uruguay,1
Singapore,Viet Nam,25
Slovakia,South Korea,2
Slovakia,Thailand,26
Slovakia,United Kingdom,3
Slovakia,United States,5
Slovenia,Sweden,3
Slovenia,Taiwan,1
Slovenia,Thailand,11
Slovenia,United Arab Emirates,1
Slovenia,United Kingdom,3
Slovenia,United States,6
South Africa,South Korea,4
South Africa,Spain,7
South Africa,Sweden,2
South Africa,Switzerland,10
South Africa,Syrian Arab Republic,1
South Africa,Taiwan,6
South Africa,Tanzania,1
South Africa,Thailand,75
South Africa,Uganda,4
South Africa,United Arab Emirates,1
South Africa,United Kingdom,29
South Africa,United States,31
South Africa,Uruguay,2
South Africa,Viet Nam,1
South Africa,Zambia,1
South Africa,Zimbabwe,4
South Korea,Spain,13
South Korea,Sri Lanka,1
South Korea,Sweden,3
South Korea,Switzerland,5
South Korea,Taiwan,72
South Korea,Thailand,364
South Korea,Tunisia,1
South Korea,Turkey,4
South Korea,Ukraine,1
South Korea,United Arab Emirates,3
South Korea,United Kingdom,25
South Korea,United States,71
South Korea,Viet Nam,25
South Korea,Yemen,1
South Sudan,Thailand,1
Spain,Sweden,13
Spain,Switzerland,11
Spain,Taiwan,5
Spain,Thailand,125
Spain,Turkey,5
Spain,United Kingdom,49
Spain,United States,63
Spain,Uruguay,3
Spain,Viet Nam,2
Sri Lanka,Taiwan,1
Sri Lanka,Thailand,20
Sri Lanka,United Kingdom,1
Sri Lanka,United States,2
Sudan,Switzerland,1
Sudan,Taiwan,1
Sudan,Thailand,5
Sudan,United Kingdom,1
Sudan,United States,2
Sudan,Uruguay,1
Sweden,Switzerland,4
Sweden,Taiwan,3
Sweden,Thailand,214
Sweden,Tunisia,1
Sweden,Turkey,4
Sweden,Uganda,1
Sweden,United Kingdom,31
Sweden,United States,41
Sweden,Uruguay,3
Sweden,Venezuela,1
Sweden,Viet Nam,2
Sweden,Zambia,1
Switzerland,Taiwan,5
Switzerland,Tanzania,2
Switzerland,Thailand,121
Switzerland,Turkey,1
Switzerland,Uganda,2
Switzerland,United Kingdom,38
Switzerland,United States,56
Switzerland,Uruguay,2
Switzerland,Viet Nam,4
Switzerland,Zambia,2
Switzerland,Zimbabwe,1
Syrian Arab Republic,Thailand,1
Syrian Arab Republic,United States,1
Taiwan,Thailand,386
Taiwan,Tunisia,2
Taiwan,Turkey,5
Taiwan,Ukraine,1
Taiwan,United Kingdom,19
Taiwan,United States,45
Taiwan,Uruguay,1
Taiwan,Viet Nam,19
Tanzania,United Kingdom,1
Tanzania,United States,1
Thailand,Trinidad and Tobago,2
Thailand,Tunisia,8
Thailand,Turkey,43
Thailand,Uganda,17
Thailand,Ukraine,4
Thailand,United Arab Emirates,29
Thailand,United Kingdom,835
Thailand,United States,2340
Thailand,Uruguay,2
Thailand,Venezuela,1
Thailand,Viet Nam,411
Thailand,Yemen,1
Thailand,Zambia,5
Thailand,Zimbabwe,6
Trinidad and Tobago,Turkey,2
Trinidad and Tobago,United States,2
Tunisia,United Arab Emirates,2
Tunisia,United Kingdom,1
Turkey,Ukraine,2
Turkey,United Kingdom,8
Turkey,United States,27
Turkey,Viet Nam,1
Uganda,United Kingdom,5
Uganda,United States,8
Uganda,Zambia,1
Uganda,Zimbabwe,4
Ukraine,United Kingdom,1
Ukraine,United States,3
United Arab Emirates,United Kingdom,4
United Arab Emirates,United States,5
United Kingdom,United States,229
United Kingdom,Uruguay,4
United Kingdom,Viet Nam,22
United Kingdom,Zambia,2
United Kingdom,Zimbabwe,4
United States,Uruguay,2
United States,Venezuela,1
United States,Viet Nam,43
United States,Yemen,1
United States,Zambia,2
United States,Zimbabwe,5
Zambia,Zimbabwe,1
